--------------------------------------------------------
--  File created - poniedzia³ek-lutego-25-2019   
--------------------------------------------------------
--------------------------------------------------------
--  DDL for Sequence PRODUKTY_SEQ
--------------------------------------------------------

   CREATE SEQUENCE  "SKLEP"."PRODUKTY_SEQ"  MINVALUE 1 MAXVALUE 9999999999999999999999999999 INCREMENT BY 1 START WITH 21 CACHE 20 NOORDER  NOCYCLE ;
--------------------------------------------------------
--  DDL for Table DEPARTAMENTY
--------------------------------------------------------

  CREATE TABLE "SKLEP"."DEPARTAMENTY" 
   (	"KOD_DEPARTAMENTU" NUMBER, 
	"NAZWA_DEPARTAMENTU" VARCHAR2(40 BYTE), 
	"ID_KIEROWNIKA" NUMBER, 
	"MIEJSCOWOSC" VARCHAR2(50 BYTE)
   ) SEGMENT CREATION IMMEDIATE 
  PCTFREE 10 PCTUSED 40 INITRANS 1 MAXTRANS 255 NOCOMPRESS LOGGING
  STORAGE(INITIAL 65536 NEXT 1048576 MINEXTENTS 1 MAXEXTENTS 2147483645
  PCTINCREASE 0 FREELISTS 1 FREELIST GROUPS 1 BUFFER_POOL DEFAULT FLASH_CACHE DEFAULT CELL_FLASH_CACHE DEFAULT)
  TABLESPACE "SYSTEM" ;
--------------------------------------------------------
--  DDL for Table DOSTAWCY
--------------------------------------------------------

  CREATE TABLE "SKLEP"."DOSTAWCY" 
   (	"ID_DOSTAWCY" NUMBER, 
	"NAZWA_DOSTAWCY" VARCHAR2(50 BYTE), 
	"KOD_RODZAJU_SRODKA_TRANSPORTU" VARCHAR2(10 BYTE), 
	"STATUS_AKTYWNOŒCI" VARCHAR2(1 BYTE)
   ) SEGMENT CREATION IMMEDIATE 
  PCTFREE 10 PCTUSED 40 INITRANS 1 MAXTRANS 255 NOCOMPRESS LOGGING
  STORAGE(INITIAL 65536 NEXT 1048576 MINEXTENTS 1 MAXEXTENTS 2147483645
  PCTINCREASE 0 FREELISTS 1 FREELIST GROUPS 1 BUFFER_POOL DEFAULT FLASH_CACHE DEFAULT CELL_FLASH_CACHE DEFAULT)
  TABLESPACE "SYSTEM" ;
--------------------------------------------------------
--  DDL for Table PRACOWNICY
--------------------------------------------------------

  CREATE TABLE "SKLEP"."PRACOWNICY" 
   (	"ID" NUMBER, 
	"IMIE" VARCHAR2(30 BYTE), 
	"NAZWISKO" VARCHAR2(60 BYTE), 
	"PESEL" VARCHAR2(11 BYTE), 
	"PLEC" VARCHAR2(1 BYTE), 
	"DATA_URODZENIA" DATE, 
	"PENSJA" NUMBER, 
	"KOD_DEPARTAMENTU" NUMBER
   ) SEGMENT CREATION IMMEDIATE 
  PCTFREE 10 PCTUSED 40 INITRANS 1 MAXTRANS 255 NOCOMPRESS LOGGING
  STORAGE(INITIAL 65536 NEXT 1048576 MINEXTENTS 1 MAXEXTENTS 2147483645
  PCTINCREASE 0 FREELISTS 1 FREELIST GROUPS 1 BUFFER_POOL DEFAULT FLASH_CACHE DEFAULT CELL_FLASH_CACHE DEFAULT)
  TABLESPACE "SYSTEM" ;
--------------------------------------------------------
--  DDL for Table PRODUKTY
--------------------------------------------------------

  CREATE TABLE "SKLEP"."PRODUKTY" 
   (	"ID" NUMBER, 
	"NAZWA_PRODUKTU" VARCHAR2(100 BYTE), 
	"TYP_PRODUKTU" VARCHAR2(30 BYTE), 
	"CENA_SPRZEDAZY" NUMBER, 
	"CENA_ZAKUPU" NUMBER, 
	"STAWKA_PODATKU" NUMBER, 
	"JM" VARCHAR2(10 BYTE)
   ) SEGMENT CREATION IMMEDIATE 
  PCTFREE 10 PCTUSED 40 INITRANS 1 MAXTRANS 255 NOCOMPRESS LOGGING
  STORAGE(INITIAL 65536 NEXT 1048576 MINEXTENTS 1 MAXEXTENTS 2147483645
  PCTINCREASE 0 FREELISTS 1 FREELIST GROUPS 1 BUFFER_POOL DEFAULT FLASH_CACHE DEFAULT CELL_FLASH_CACHE DEFAULT)
  TABLESPACE "SYSTEM" ;
--------------------------------------------------------
--  DDL for Table TYPY_PRODUKTOW
--------------------------------------------------------

  CREATE TABLE "SKLEP"."TYPY_PRODUKTOW" 
   (	"TYP_PRODUKTU" VARCHAR2(20 BYTE), 
	"NAZWA_PELNA" VARCHAR2(40 BYTE), 
	"RABAT" NUMBER, 
	"OKRES_WAZNOSCI" VARCHAR2(1 BYTE)
   ) SEGMENT CREATION IMMEDIATE 
  PCTFREE 10 PCTUSED 40 INITRANS 1 MAXTRANS 255 NOCOMPRESS LOGGING
  STORAGE(INITIAL 65536 NEXT 1048576 MINEXTENTS 1 MAXEXTENTS 2147483645
  PCTINCREASE 0 FREELISTS 1 FREELIST GROUPS 1 BUFFER_POOL DEFAULT FLASH_CACHE DEFAULT CELL_FLASH_CACHE DEFAULT)
  TABLESPACE "SYSTEM" ;
REM INSERTING into SKLEP.DEPARTAMENTY
SET DEFINE OFF;
Insert into SKLEP.DEPARTAMENTY (KOD_DEPARTAMENTU,NAZWA_DEPARTAMENTU,ID_KIEROWNIKA,MIEJSCOWOSC) values ('1','ksiêgowoœæ','2','Warszawa Œródmieœcie');
Insert into SKLEP.DEPARTAMENTY (KOD_DEPARTAMENTU,NAZWA_DEPARTAMENTU,ID_KIEROWNIKA,MIEJSCOWOSC) values ('2','produkcja','11','Piaseczno');
Insert into SKLEP.DEPARTAMENTY (KOD_DEPARTAMENTU,NAZWA_DEPARTAMENTU,ID_KIEROWNIKA,MIEJSCOWOSC) values ('3','administracja','4','Warszawa Centrum');
Insert into SKLEP.DEPARTAMENTY (KOD_DEPARTAMENTU,NAZWA_DEPARTAMENTU,ID_KIEROWNIKA,MIEJSCOWOSC) values ('4','IT','3','Warszawa Centrum');
Insert into SKLEP.DEPARTAMENTY (KOD_DEPARTAMENTU,NAZWA_DEPARTAMENTU,ID_KIEROWNIKA,MIEJSCOWOSC) values ('5','Sprzeda¿','5','Warszawa Œródmieœcie');
Insert into SKLEP.DEPARTAMENTY (KOD_DEPARTAMENTU,NAZWA_DEPARTAMENTU,ID_KIEROWNIKA,MIEJSCOWOSC) values ('6','planowanie i zakupy','5','Warszawa Ochota');
Insert into SKLEP.DEPARTAMENTY (KOD_DEPARTAMENTU,NAZWA_DEPARTAMENTU,ID_KIEROWNIKA,MIEJSCOWOSC) values ('7','hr','1','Kraków');
Insert into SKLEP.DEPARTAMENTY (KOD_DEPARTAMENTU,NAZWA_DEPARTAMENTU,ID_KIEROWNIKA,MIEJSCOWOSC) values ('8','badanie i rozwój','12','£odŸ');
Insert into SKLEP.DEPARTAMENTY (KOD_DEPARTAMENTU,NAZWA_DEPARTAMENTU,ID_KIEROWNIKA,MIEJSCOWOSC) values ('9','dzia³ prawny','18','Szczecin');
Insert into SKLEP.DEPARTAMENTY (KOD_DEPARTAMENTU,NAZWA_DEPARTAMENTU,ID_KIEROWNIKA,MIEJSCOWOSC) values ('10','public relations','20','Gdañsk Oliwa');
Insert into SKLEP.DEPARTAMENTY (KOD_DEPARTAMENTU,NAZWA_DEPARTAMENTU,ID_KIEROWNIKA,MIEJSCOWOSC) values ('11','transport','19','Poznañ');
Insert into SKLEP.DEPARTAMENTY (KOD_DEPARTAMENTU,NAZWA_DEPARTAMENTU,ID_KIEROWNIKA,MIEJSCOWOSC) values ('12','logistyka','6','Zakopane');
REM INSERTING into SKLEP.DOSTAWCY
SET DEFINE OFF;
Insert into SKLEP.DOSTAWCY (ID_DOSTAWCY,NAZWA_DOSTAWCY,KOD_RODZAJU_SRODKA_TRANSPORTU,"STATUS_AKTYWNOŒCI") values ('1','Morliny','VAN','A');
Insert into SKLEP.DOSTAWCY (ID_DOSTAWCY,NAZWA_DOSTAWCY,KOD_RODZAJU_SRODKA_TRANSPORTU,"STATUS_AKTYWNOŒCI") values ('2','Koral','BUS','A');
Insert into SKLEP.DOSTAWCY (ID_DOSTAWCY,NAZWA_DOSTAWCY,KOD_RODZAJU_SRODKA_TRANSPORTU,"STATUS_AKTYWNOŒCI") values ('3','Pepco','TIR','A');
Insert into SKLEP.DOSTAWCY (ID_DOSTAWCY,NAZWA_DOSTAWCY,KOD_RODZAJU_SRODKA_TRANSPORTU,"STATUS_AKTYWNOŒCI") values ('4','Lidl','TIR','A');
Insert into SKLEP.DOSTAWCY (ID_DOSTAWCY,NAZWA_DOSTAWCY,KOD_RODZAJU_SRODKA_TRANSPORTU,"STATUS_AKTYWNOŒCI") values ('5','Obi','VAN','A');
Insert into SKLEP.DOSTAWCY (ID_DOSTAWCY,NAZWA_DOSTAWCY,KOD_RODZAJU_SRODKA_TRANSPORTU,"STATUS_AKTYWNOŒCI") values ('6','Decathlon','TIR','A');
Insert into SKLEP.DOSTAWCY (ID_DOSTAWCY,NAZWA_DOSTAWCY,KOD_RODZAJU_SRODKA_TRANSPORTU,"STATUS_AKTYWNOŒCI") values ('7','Biedronka','TIR','A');
Insert into SKLEP.DOSTAWCY (ID_DOSTAWCY,NAZWA_DOSTAWCY,KOD_RODZAJU_SRODKA_TRANSPORTU,"STATUS_AKTYWNOŒCI") values ('8','Auchan','BUS','A');
Insert into SKLEP.DOSTAWCY (ID_DOSTAWCY,NAZWA_DOSTAWCY,KOD_RODZAJU_SRODKA_TRANSPORTU,"STATUS_AKTYWNOŒCI") values ('9','Lewiatan','TIR','A');
Insert into SKLEP.DOSTAWCY (ID_DOSTAWCY,NAZWA_DOSTAWCY,KOD_RODZAJU_SRODKA_TRANSPORTU,"STATUS_AKTYWNOŒCI") values ('10','Intermarche','VAN','A');
Insert into SKLEP.DOSTAWCY (ID_DOSTAWCY,NAZWA_DOSTAWCY,KOD_RODZAJU_SRODKA_TRANSPORTU,"STATUS_AKTYWNOŒCI") values ('11','Bricomarche','TIR','A');
Insert into SKLEP.DOSTAWCY (ID_DOSTAWCY,NAZWA_DOSTAWCY,KOD_RODZAJU_SRODKA_TRANSPORTU,"STATUS_AKTYWNOŒCI") values ('12','Tesco','TIR','A');
Insert into SKLEP.DOSTAWCY (ID_DOSTAWCY,NAZWA_DOSTAWCY,KOD_RODZAJU_SRODKA_TRANSPORTU,"STATUS_AKTYWNOŒCI") values ('13','E.Leclerc','TIR','A');
Insert into SKLEP.DOSTAWCY (ID_DOSTAWCY,NAZWA_DOSTAWCY,KOD_RODZAJU_SRODKA_TRANSPORTU,"STATUS_AKTYWNOŒCI") values ('14','Amica','BUS','A');
Insert into SKLEP.DOSTAWCY (ID_DOSTAWCY,NAZWA_DOSTAWCY,KOD_RODZAJU_SRODKA_TRANSPORTU,"STATUS_AKTYWNOŒCI") values ('15','Avon','AUT','A');
Insert into SKLEP.DOSTAWCY (ID_DOSTAWCY,NAZWA_DOSTAWCY,KOD_RODZAJU_SRODKA_TRANSPORTU,"STATUS_AKTYWNOŒCI") values ('16','Puma','TIR','A');
Insert into SKLEP.DOSTAWCY (ID_DOSTAWCY,NAZWA_DOSTAWCY,KOD_RODZAJU_SRODKA_TRANSPORTU,"STATUS_AKTYWNOŒCI") values ('17','Lego','VAN','A');
Insert into SKLEP.DOSTAWCY (ID_DOSTAWCY,NAZWA_DOSTAWCY,KOD_RODZAJU_SRODKA_TRANSPORTU,"STATUS_AKTYWNOŒCI") values ('18','Militaria','TIR','A');
Insert into SKLEP.DOSTAWCY (ID_DOSTAWCY,NAZWA_DOSTAWCY,KOD_RODZAJU_SRODKA_TRANSPORTU,"STATUS_AKTYWNOŒCI") values ('19','Delikatesy','AUT','A');
Insert into SKLEP.DOSTAWCY (ID_DOSTAWCY,NAZWA_DOSTAWCY,KOD_RODZAJU_SRODKA_TRANSPORTU,"STATUS_AKTYWNOŒCI") values ('20','Jogobella','VAN','A');
REM INSERTING into SKLEP.PRACOWNICY
SET DEFINE OFF;
Insert into SKLEP.PRACOWNICY (ID,IMIE,NAZWISKO,PESEL,PLEC,DATA_URODZENIA,PENSJA,KOD_DEPARTAMENTU) values ('11','Sebastian','Krawczyk','88031269123','M',to_date('88/03/12','RR/MM/DD'),'7000','2');
Insert into SKLEP.PRACOWNICY (ID,IMIE,NAZWISKO,PESEL,PLEC,DATA_URODZENIA,PENSJA,KOD_DEPARTAMENTU) values ('12','Jacek','Grzyma³a','80020366584','M',to_date('80/02/03','RR/MM/DD'),'7000','2');
Insert into SKLEP.PRACOWNICY (ID,IMIE,NAZWISKO,PESEL,PLEC,DATA_URODZENIA,PENSJA,KOD_DEPARTAMENTU) values ('13','Pawe³‚','Kiepski','81121225836','M',to_date('81/12/12','RR/MM/DD'),'3500','5');
Insert into SKLEP.PRACOWNICY (ID,IMIE,NAZWISKO,PESEL,PLEC,DATA_URODZENIA,PENSJA,KOD_DEPARTAMENTU) values ('14','Julia','Æwi¹ka³a','92101548732','K',to_date('92/10/15','RR/MM/DD'),'2300','5');
Insert into SKLEP.PRACOWNICY (ID,IMIE,NAZWISKO,PESEL,PLEC,DATA_URODZENIA,PENSJA,KOD_DEPARTAMENTU) values ('10','Bartosz','Karmel','58031245679','M',to_date('58/03/12','RR/MM/DD'),'5120','7');
Insert into SKLEP.PRACOWNICY (ID,IMIE,NAZWISKO,PESEL,PLEC,DATA_URODZENIA,PENSJA,KOD_DEPARTAMENTU) values ('15','Katarzyna','Zebra','98110843128','K',to_date('98/11/08','RR/MM/DD'),'7000','3');
Insert into SKLEP.PRACOWNICY (ID,IMIE,NAZWISKO,PESEL,PLEC,DATA_URODZENIA,PENSJA,KOD_DEPARTAMENTU) values ('16','Przemys³aw','Grzyma³a','80020314725','M',to_date('80/02/03','RR/MM/DD'),'9000','12');
Insert into SKLEP.PRACOWNICY (ID,IMIE,NAZWISKO,PESEL,PLEC,DATA_URODZENIA,PENSJA,KOD_DEPARTAMENTU) values ('17','Zofia','Pryk','91041516589','K',to_date('91/04/15','RR/MM/DD'),'4600','1');
Insert into SKLEP.PRACOWNICY (ID,IMIE,NAZWISKO,PESEL,PLEC,DATA_URODZENIA,PENSJA,KOD_DEPARTAMENTU) values ('18','Paulina','Polak','65020761975','K',to_date('65/02/07','RR/MM/DD'),'3540','11');
Insert into SKLEP.PRACOWNICY (ID,IMIE,NAZWISKO,PESEL,PLEC,DATA_URODZENIA,PENSJA,KOD_DEPARTAMENTU) values ('19','Robert','Polewicz','58090414763','M',to_date('58/09/04','RR/MM/DD'),'6500','9');
Insert into SKLEP.PRACOWNICY (ID,IMIE,NAZWISKO,PESEL,PLEC,DATA_URODZENIA,PENSJA,KOD_DEPARTAMENTU) values ('20','Józef','Wo³ecki','00071313842','M',to_date('00/07/13','RR/MM/DD'),'2900','9');
Insert into SKLEP.PRACOWNICY (ID,IMIE,NAZWISKO,PESEL,PLEC,DATA_URODZENIA,PENSJA,KOD_DEPARTAMENTU) values ('1','Jan','Kowalski','88020512345','M',to_date('88/02/05','RR/MM/DD'),'4000','12');
Insert into SKLEP.PRACOWNICY (ID,IMIE,NAZWISKO,PESEL,PLEC,DATA_URODZENIA,PENSJA,KOD_DEPARTAMENTU) values ('2','Krzysztof','Kapusta','70122012345','M',to_date('70/12/20','RR/MM/DD'),'2500','1');
Insert into SKLEP.PRACOWNICY (ID,IMIE,NAZWISKO,PESEL,PLEC,DATA_URODZENIA,PENSJA,KOD_DEPARTAMENTU) values ('3','Magdalena','Dzwonkowska','92081612345','K',to_date('92/08/16','RR/MM/DD'),'5000','4');
Insert into SKLEP.PRACOWNICY (ID,IMIE,NAZWISKO,PESEL,PLEC,DATA_URODZENIA,PENSJA,KOD_DEPARTAMENTU) values ('4','Karol','Krawczyk','82010112345','M',to_date('82/01/01','RR/MM/DD'),'3000','3');
Insert into SKLEP.PRACOWNICY (ID,IMIE,NAZWISKO,PESEL,PLEC,DATA_URODZENIA,PENSJA,KOD_DEPARTAMENTU) values ('5','Joanna','Bak','90121212345','K',to_date('90/12/12','RR/MM/DD'),'2700','6');
Insert into SKLEP.PRACOWNICY (ID,IMIE,NAZWISKO,PESEL,PLEC,DATA_URODZENIA,PENSJA,KOD_DEPARTAMENTU) values ('6','Robert','Psikuta','95070815642','M',to_date('95/07/08','RR/MM/DD'),'4200','11');
Insert into SKLEP.PRACOWNICY (ID,IMIE,NAZWISKO,PESEL,PLEC,DATA_URODZENIA,PENSJA,KOD_DEPARTAMENTU) values ('7','Stefan','Siarzewski','60051274391','M',to_date('60/05/12','RR/MM/DD'),'4550','10');
Insert into SKLEP.PRACOWNICY (ID,IMIE,NAZWISKO,PESEL,PLEC,DATA_URODZENIA,PENSJA,KOD_DEPARTAMENTU) values ('8','Zofia','Brzydal','84021659712','K',to_date('84/02/16','RR/MM/DD'),'2400','9');
Insert into SKLEP.PRACOWNICY (ID,IMIE,NAZWISKO,PESEL,PLEC,DATA_URODZENIA,PENSJA,KOD_DEPARTAMENTU) values ('9','Julia','Niedziela','81050242315','K',to_date('81/05/02','RR/MM/DD'),'7000','8');
REM INSERTING into SKLEP.PRODUKTY
SET DEFINE OFF;
Insert into SKLEP.PRODUKTY (ID,NAZWA_PRODUKTU,TYP_PRODUKTU,CENA_SPRZEDAZY,CENA_ZAKUPU,STAWKA_PODATKU,JM) values ('1','Baton "Mars"','SLO','2,5','1,5','23','szt');
Insert into SKLEP.PRODUKTY (ID,NAZWA_PRODUKTU,TYP_PRODUKTU,CENA_SPRZEDAZY,CENA_ZAKUPU,STAWKA_PODATKU,JM) values ('3','p³atki owsiane 0.5kg','NAS','2,25','1,45','23','szt');
Insert into SKLEP.PRODUKTY (ID,NAZWA_PRODUKTU,TYP_PRODUKTU,CENA_SPRZEDAZY,CENA_ZAKUPU,STAWKA_PODATKU,JM) values ('4','p³atki owsiane 1kg','NAS','4','2,4','23','szt');
Insert into SKLEP.PRODUKTY (ID,NAZWA_PRODUKTU,TYP_PRODUKTU,CENA_SPRZEDAZY,CENA_ZAKUPU,STAWKA_PODATKU,JM) values ('5','mleko','NAB','3,5','2','23','szt');
Insert into SKLEP.PRODUKTY (ID,NAZWA_PRODUKTU,TYP_PRODUKTU,CENA_SPRZEDAZY,CENA_ZAKUPU,STAWKA_PODATKU,JM) values ('6','jogurt "Danone"','NAB','3,5','2','23','szt');
Insert into SKLEP.PRODUKTY (ID,NAZWA_PRODUKTU,TYP_PRODUKTU,CENA_SPRZEDAZY,CENA_ZAKUPU,STAWKA_PODATKU,JM) values ('7','woda gazowana','NAP','1,9','1','23','szt');
Insert into SKLEP.PRODUKTY (ID,NAZWA_PRODUKTU,TYP_PRODUKTU,CENA_SPRZEDAZY,CENA_ZAKUPU,STAWKA_PODATKU,JM) values ('8','woda niegazowana','NAP','1,9','1','23','szt');
Insert into SKLEP.PRODUKTY (ID,NAZWA_PRODUKTU,TYP_PRODUKTU,CENA_SPRZEDAZY,CENA_ZAKUPU,STAWKA_PODATKU,JM) values ('9','oran¿ada','NAP','2,49','2','23','szt');
Insert into SKLEP.PRODUKTY (ID,NAZWA_PRODUKTU,TYP_PRODUKTU,CENA_SPRZEDAZY,CENA_ZAKUPU,STAWKA_PODATKU,JM) values ('10','bu³ka pszenna','PIE','0,5','0,3','23','szt');
Insert into SKLEP.PRODUKTY (ID,NAZWA_PRODUKTU,TYP_PRODUKTU,CENA_SPRZEDAZY,CENA_ZAKUPU,STAWKA_PODATKU,JM) values ('11','bu³ka ¿ytnia','PIE','0,7','0,5','23','szt');
Insert into SKLEP.PRODUKTY (ID,NAZWA_PRODUKTU,TYP_PRODUKTU,CENA_SPRZEDAZY,CENA_ZAKUPU,STAWKA_PODATKU,JM) values ('12','balsam do cia³a','KOS','20','14','23','szt');
Insert into SKLEP.PRODUKTY (ID,NAZWA_PRODUKTU,TYP_PRODUKTU,CENA_SPRZEDAZY,CENA_ZAKUPU,STAWKA_PODATKU,JM) values ('13','krem do r¹k','KOS','8','6,4','23','szt');
Insert into SKLEP.PRODUKTY (ID,NAZWA_PRODUKTU,TYP_PRODUKTU,CENA_SPRZEDAZY,CENA_ZAKUPU,STAWKA_PODATKU,JM) values ('14','dezodorant','KOS','9','4,4','23','szt');
Insert into SKLEP.PRODUKTY (ID,NAZWA_PRODUKTU,TYP_PRODUKTU,CENA_SPRZEDAZY,CENA_ZAKUPU,STAWKA_PODATKU,JM) values ('15','piwo','ALK','4','2,8','30','szt');
Insert into SKLEP.PRODUKTY (ID,NAZWA_PRODUKTU,TYP_PRODUKTU,CENA_SPRZEDAZY,CENA_ZAKUPU,STAWKA_PODATKU,JM) values ('16','wódka polska','ALK','25','14','30','szt');
Insert into SKLEP.PRODUKTY (ID,NAZWA_PRODUKTU,TYP_PRODUKTU,CENA_SPRZEDAZY,CENA_ZAKUPU,STAWKA_PODATKU,JM) values ('17','whiskey','ALK','60','40','30','szt');
Insert into SKLEP.PRODUKTY (ID,NAZWA_PRODUKTU,TYP_PRODUKTU,CENA_SPRZEDAZY,CENA_ZAKUPU,STAWKA_PODATKU,JM) values ('18','czekolada','SLO','5','2','23','szt');
Insert into SKLEP.PRODUKTY (ID,NAZWA_PRODUKTU,TYP_PRODUKTU,CENA_SPRZEDAZY,CENA_ZAKUPU,STAWKA_PODATKU,JM) values ('19','ry¿','NAS','3','1,5','23','szt');
Insert into SKLEP.PRODUKTY (ID,NAZWA_PRODUKTU,TYP_PRODUKTU,CENA_SPRZEDAZY,CENA_ZAKUPU,STAWKA_PODATKU,JM) values ('20','kasza gryczana','NAS','3','1,7','23','szt');
Insert into SKLEP.PRODUKTY (ID,NAZWA_PRODUKTU,TYP_PRODUKTU,CENA_SPRZEDAZY,CENA_ZAKUPU,STAWKA_PODATKU,JM) values ('2','chleb','PIE','3','1,2','23','szt');
Insert into SKLEP.PRODUKTY (ID,NAZWA_PRODUKTU,TYP_PRODUKTU,CENA_SPRZEDAZY,CENA_ZAKUPU,STAWKA_PODATKU,JM) values ('21','jab³ko','OWO','4','2,52','23','kg');
Insert into SKLEP.PRODUKTY (ID,NAZWA_PRODUKTU,TYP_PRODUKTU,CENA_SPRZEDAZY,CENA_ZAKUPU,STAWKA_PODATKU,JM) values ('22','pomarañcza','OWO','8','5,01','23','kg');
Insert into SKLEP.PRODUKTY (ID,NAZWA_PRODUKTU,TYP_PRODUKTU,CENA_SPRZEDAZY,CENA_ZAKUPU,STAWKA_PODATKU,JM) values ('23','banan','OWO','7,25','4,99','23','kg');
Insert into SKLEP.PRODUKTY (ID,NAZWA_PRODUKTU,TYP_PRODUKTU,CENA_SPRZEDAZY,CENA_ZAKUPU,STAWKA_PODATKU,JM) values ('24','pomidor malinowy','WAR','12,99','10,99','23','kg');
Insert into SKLEP.PRODUKTY (ID,NAZWA_PRODUKTU,TYP_PRODUKTU,CENA_SPRZEDAZY,CENA_ZAKUPU,STAWKA_PODATKU,JM) values ('25','ogórek','WAR','2,99','1,99','23','kg');
REM INSERTING into SKLEP.TYPY_PRODUKTOW
SET DEFINE OFF;
Insert into SKLEP.TYPY_PRODUKTOW (TYP_PRODUKTU,NAZWA_PELNA,RABAT,OKRES_WAZNOSCI) values ('SLO','s³odycz',null,'D');
Insert into SKLEP.TYPY_PRODUKTOW (TYP_PRODUKTU,NAZWA_PELNA,RABAT,OKRES_WAZNOSCI) values ('PIE','pieczywo',null,'K');
Insert into SKLEP.TYPY_PRODUKTOW (TYP_PRODUKTU,NAZWA_PELNA,RABAT,OKRES_WAZNOSCI) values ('NAS','nasiona',null,'D');
Insert into SKLEP.TYPY_PRODUKTOW (TYP_PRODUKTU,NAZWA_PELNA,RABAT,OKRES_WAZNOSCI) values ('NAP','napoje',null,'D');
Insert into SKLEP.TYPY_PRODUKTOW (TYP_PRODUKTU,NAZWA_PELNA,RABAT,OKRES_WAZNOSCI) values ('KOS','kosmetyki',null,'D');
Insert into SKLEP.TYPY_PRODUKTOW (TYP_PRODUKTU,NAZWA_PELNA,RABAT,OKRES_WAZNOSCI) values ('ALK','alkohol',null,'D');
Insert into SKLEP.TYPY_PRODUKTOW (TYP_PRODUKTU,NAZWA_PELNA,RABAT,OKRES_WAZNOSCI) values ('NAB','nabia³',null,'K');
Insert into SKLEP.TYPY_PRODUKTOW (TYP_PRODUKTU,NAZWA_PELNA,RABAT,OKRES_WAZNOSCI) values ('OWO','owoce',null,'K');
Insert into SKLEP.TYPY_PRODUKTOW (TYP_PRODUKTU,NAZWA_PELNA,RABAT,OKRES_WAZNOSCI) values ('WAR','warzywa',null,'K');
--------------------------------------------------------
--  DDL for Index DEPARTAMENTY_PK
--------------------------------------------------------

  CREATE UNIQUE INDEX "SKLEP"."DEPARTAMENTY_PK" ON "SKLEP"."DEPARTAMENTY" ("KOD_DEPARTAMENTU") 
  PCTFREE 10 INITRANS 2 MAXTRANS 255 COMPUTE STATISTICS 
  STORAGE(INITIAL 65536 NEXT 1048576 MINEXTENTS 1 MAXEXTENTS 2147483645
  PCTINCREASE 0 FREELISTS 1 FREELIST GROUPS 1 BUFFER_POOL DEFAULT FLASH_CACHE DEFAULT CELL_FLASH_CACHE DEFAULT)
  TABLESPACE "SYSTEM" ;
--------------------------------------------------------
--  DDL for Index PRACOWNICY_PK
--------------------------------------------------------

  CREATE UNIQUE INDEX "SKLEP"."PRACOWNICY_PK" ON "SKLEP"."PRACOWNICY" ("ID") 
  PCTFREE 10 INITRANS 2 MAXTRANS 255 COMPUTE STATISTICS 
  STORAGE(INITIAL 65536 NEXT 1048576 MINEXTENTS 1 MAXEXTENTS 2147483645
  PCTINCREASE 0 FREELISTS 1 FREELIST GROUPS 1 BUFFER_POOL DEFAULT FLASH_CACHE DEFAULT CELL_FLASH_CACHE DEFAULT)
  TABLESPACE "SYSTEM" ;
--------------------------------------------------------
--  DDL for Index PRODUKTY_PK
--------------------------------------------------------

  CREATE UNIQUE INDEX "SKLEP"."PRODUKTY_PK" ON "SKLEP"."PRODUKTY" ("ID") 
  PCTFREE 10 INITRANS 2 MAXTRANS 255 COMPUTE STATISTICS 
  STORAGE(INITIAL 65536 NEXT 1048576 MINEXTENTS 1 MAXEXTENTS 2147483645
  PCTINCREASE 0 FREELISTS 1 FREELIST GROUPS 1 BUFFER_POOL DEFAULT FLASH_CACHE DEFAULT CELL_FLASH_CACHE DEFAULT)
  TABLESPACE "SYSTEM" ;
--------------------------------------------------------
--  DDL for Trigger PRODUKTY_TRG
--------------------------------------------------------

  CREATE OR REPLACE TRIGGER "SKLEP"."PRODUKTY_TRG" 
BEFORE INSERT ON PRODUKTY 
FOR EACH ROW 
BEGIN
  <<COLUMN_SEQUENCES>>
  BEGIN
    NULL;
  END COLUMN_SEQUENCES;
END;
/
ALTER TRIGGER "SKLEP"."PRODUKTY_TRG" ENABLE;
--------------------------------------------------------
--  Constraints for Table PRACOWNICY
--------------------------------------------------------

  ALTER TABLE "SKLEP"."PRACOWNICY" ADD CONSTRAINT "PRACOWNICY_PK" PRIMARY KEY ("ID")
  USING INDEX PCTFREE 10 INITRANS 2 MAXTRANS 255 COMPUTE STATISTICS 
  STORAGE(INITIAL 65536 NEXT 1048576 MINEXTENTS 1 MAXEXTENTS 2147483645
  PCTINCREASE 0 FREELISTS 1 FREELIST GROUPS 1 BUFFER_POOL DEFAULT FLASH_CACHE DEFAULT CELL_FLASH_CACHE DEFAULT)
  TABLESPACE "SYSTEM"  ENABLE;
  ALTER TABLE "SKLEP"."PRACOWNICY" MODIFY ("PESEL" NOT NULL ENABLE);
  ALTER TABLE "SKLEP"."PRACOWNICY" MODIFY ("PLEC" NOT NULL ENABLE);
  ALTER TABLE "SKLEP"."PRACOWNICY" ADD CHECK (plec IN ('M','K')) ENABLE;
  ALTER TABLE "SKLEP"."PRACOWNICY" MODIFY ("NAZWISKO" NOT NULL ENABLE);
  ALTER TABLE "SKLEP"."PRACOWNICY" MODIFY ("IMIE" NOT NULL ENABLE);
--------------------------------------------------------
--  Constraints for Table TYPY_PRODUKTOW
--------------------------------------------------------

  ALTER TABLE "SKLEP"."TYPY_PRODUKTOW" ADD PRIMARY KEY ("TYP_PRODUKTU")
  USING INDEX PCTFREE 10 INITRANS 2 MAXTRANS 255 COMPUTE STATISTICS 
  STORAGE(INITIAL 65536 NEXT 1048576 MINEXTENTS 1 MAXEXTENTS 2147483645
  PCTINCREASE 0 FREELISTS 1 FREELIST GROUPS 1 BUFFER_POOL DEFAULT FLASH_CACHE DEFAULT CELL_FLASH_CACHE DEFAULT)
  TABLESPACE "SYSTEM"  ENABLE;
  ALTER TABLE "SKLEP"."TYPY_PRODUKTOW" ADD CHECK (okres_waznosci IN ('K', 'D')) ENABLE;
  ALTER TABLE "SKLEP"."TYPY_PRODUKTOW" MODIFY ("NAZWA_PELNA" NOT NULL ENABLE);
--------------------------------------------------------
--  Constraints for Table DOSTAWCY
--------------------------------------------------------

  ALTER TABLE "SKLEP"."DOSTAWCY" ADD PRIMARY KEY ("ID_DOSTAWCY")
  USING INDEX PCTFREE 10 INITRANS 2 MAXTRANS 255 COMPUTE STATISTICS 
  STORAGE(INITIAL 65536 NEXT 1048576 MINEXTENTS 1 MAXEXTENTS 2147483645
  PCTINCREASE 0 FREELISTS 1 FREELIST GROUPS 1 BUFFER_POOL DEFAULT FLASH_CACHE DEFAULT CELL_FLASH_CACHE DEFAULT)
  TABLESPACE "SYSTEM"  ENABLE;
  ALTER TABLE "SKLEP"."DOSTAWCY" MODIFY ("NAZWA_DOSTAWCY" NOT NULL ENABLE);
--------------------------------------------------------
--  Constraints for Table PRODUKTY
--------------------------------------------------------

  ALTER TABLE "SKLEP"."PRODUKTY" ADD CONSTRAINT "PRODUKTY_PK" PRIMARY KEY ("ID")
  USING INDEX PCTFREE 10 INITRANS 2 MAXTRANS 255 COMPUTE STATISTICS 
  STORAGE(INITIAL 65536 NEXT 1048576 MINEXTENTS 1 MAXEXTENTS 2147483645
  PCTINCREASE 0 FREELISTS 1 FREELIST GROUPS 1 BUFFER_POOL DEFAULT FLASH_CACHE DEFAULT CELL_FLASH_CACHE DEFAULT)
  TABLESPACE "SYSTEM"  ENABLE;
--------------------------------------------------------
--  Constraints for Table DEPARTAMENTY
--------------------------------------------------------

  ALTER TABLE "SKLEP"."DEPARTAMENTY" MODIFY ("ID_KIEROWNIKA" NOT NULL ENABLE);
  ALTER TABLE "SKLEP"."DEPARTAMENTY" ADD CONSTRAINT "DEPARTAMENTY_PK" PRIMARY KEY ("KOD_DEPARTAMENTU")
  USING INDEX PCTFREE 10 INITRANS 2 MAXTRANS 255 COMPUTE STATISTICS 
  STORAGE(INITIAL 65536 NEXT 1048576 MINEXTENTS 1 MAXEXTENTS 2147483645
  PCTINCREASE 0 FREELISTS 1 FREELIST GROUPS 1 BUFFER_POOL DEFAULT FLASH_CACHE DEFAULT CELL_FLASH_CACHE DEFAULT)
  TABLESPACE "SYSTEM"  ENABLE;
--------------------------------------------------------
--  Ref Constraints for Table DEPARTAMENTY
--------------------------------------------------------

  ALTER TABLE "SKLEP"."DEPARTAMENTY" ADD CONSTRAINT "FK_DEP_PRACOWNIK" FOREIGN KEY ("ID_KIEROWNIKA")
	  REFERENCES "SKLEP"."PRACOWNICY" ("ID") ENABLE;
--------------------------------------------------------
--  Ref Constraints for Table PRACOWNICY
--------------------------------------------------------

  ALTER TABLE "SKLEP"."PRACOWNICY" ADD FOREIGN KEY ("KOD_DEPARTAMENTU")
	  REFERENCES "SKLEP"."DEPARTAMENTY" ("KOD_DEPARTAMENTU") ENABLE;
--------------------------------------------------------
--  Ref Constraints for Table PRODUKTY
--------------------------------------------------------

  ALTER TABLE "SKLEP"."PRODUKTY" ADD CONSTRAINT "FK_TYP_PRODUKTU" FOREIGN KEY ("TYP_PRODUKTU")
	  REFERENCES "SKLEP"."TYPY_PRODUKTOW" ("TYP_PRODUKTU") ENABLE;
